station,lon_dec,lat_dec,alt,distance_to_coastline,complexity_10km,complexity_50km,complexity_100km,mean_temp,mean_rhu,mean_pre,mean_pre_days
50953,126.5811,45.9342,115,579.08,47.56502533,61.22800446,88.8949585,"[-17.47, -12.39, -1.99, 8.24, 15.88, 21.51, 23.83, 22.09, 16.26, 7.22, -4.43, -14.82]","[70.32, 64.93, 57.22, 48.34, 53.32, 64.76, 76.28, 77.55, 68.45, 60.3, 65.44, 70.04]","[4.11, 4.93, 12.32, 21.36, 55.55, 106.74, 135.36, 112.68, 45.4, 22.49, 18.09, 7.76]","[5.23, 3.96, 5.69, 6.92, 10.96, 13.92, 13.83, 12.04, 8.62, 6.0, 6.2, 6.84]"
51839,82.6911,37.0683,1410.1,1730.43,588.5198975,693.654541,1299.025757,"[-4.8, 0.85, 10.05, 16.83, 21.35, 24.8, 26.41, 25.25, 20.32, 12.2, 4.07, -3.38]","[49.35, 40.02, 25.91, 25.19, 29.8, 35.22, 38.73, 39.77, 41.12, 40.58, 42.4, 51.84]","[1.4, 1.25, 0.87, 2.33, 7.2, 15.0, 8.73, 6.49, 4.83, 0.28, 0.22, 0.95]","[1.84, 1.17, 0.5, 0.72, 2.38, 4.19, 3.42, 2.08, 1.46, 0.19, 0.35, 1.26]"
52267,101.0611,41.9569,939,1872.02,385.0717163,386.0885925,410.5909729,"[-10.0, -4.5, 4.49, 13.15, 20.28, 26.0, 28.44, 25.94, 19.1, 9.72, -0.22, -8.74]","[48.16, 35.33, 24.57, 20.76, 19.53, 24.52, 28.62, 30.31, 31.65, 32.8, 39.74, 48.09]","[0.64, 0.2, 1.05, 2.63, 1.93, 4.73, 7.52, 6.31, 5.17, 2.88, 0.32, 0.48]","[0.96, 0.68, 0.88, 1.13, 1.36, 2.42, 3.92, 2.96, 2.04, 0.82, 0.55, 1.04]"
52533,98.4869,39.7711,1477.2,2001.19,613.842041,901.3573608,1302.462036,"[-8.77, -4.1, 3.62, 11.09, 17.19, 21.59, 23.08, 21.2, 15.53, 8.15, 0.23, -7.5]","[53.22, 44.8, 35.66, 31.85, 32.13, 40.46, 48.92, 51.41, 52.06, 46.0, 49.8, 57.13]","[2.82, 1.98, 4.54, 4.4, 8.43, 18.29, 21.02, 14.38, 11.67, 4.27, 2.17, 2.98]","[2.73, 1.62, 1.81, 2.84, 3.84, 5.46, 7.17, 5.5, 3.58, 1.68, 1.72, 2.64]"
52836,98.0964,36.2958,3192,1639.41,1348.328735,1445.633301,1585.816162,"[-9.11, -5.51, -0.32, 5.05, 9.44, 12.91, 15.69, 15.15, 10.44, 3.72, -3.0, -8.18]","[37.26, 35.89, 31.31, 30.92, 38.43, 49.59, 50.48, 48.33, 47.98, 39.32, 38.96, 37.37]","[3.46, 6.18, 6.31, 12.72, 38.62, 58.29, 56.4, 30.91, 23.75, 7.89, 5.95, 2.21]","[3.54, 4.31, 3.77, 4.58, 8.04, 11.31, 10.67, 8.75, 7.46, 3.21, 2.84, 2.8]"
53772,112.5764,37.6206,777.5,564.05,314.7328186,491.2485352,571.6146851,"[-4.39, -0.6, 6.7, 13.44, 19.46, 23.15, 24.64, 22.9, 17.82, 11.03, 3.57, -3.3]","[50.5, 48.76, 42.23, 43.52, 44.62, 54.48, 67.77, 71.6, 72.15, 67.5, 58.45, 51.25]","[3.43, 6.17, 8.22, 22.67, 29.46, 49.71, 102.17, 82.33, 69.36, 41.42, 13.34, 3.19]","[1.88, 2.64, 2.77, 5.68, 6.48, 9.38, 11.26, 10.54, 8.17, 6.58, 3.32, 1.88]"
53845,109.4497,36.5758,1180.4,929.34,462.9109192,503.4013672,525.928833,"[-4.47, -0.31, 6.65, 12.97, 17.88, 21.75, 23.51, 21.83, 16.81, 10.61, 3.64, -3.27]","[52.22, 51.24, 43.27, 43.52, 49.18, 56.71, 67.94, 72.63, 74.69, 69.21, 59.5, 52.3]","[5.32, 7.72, 11.4, 31.12, 43.64, 67.01, 129.97, 111.53, 90.63, 52.65, 16.46, 2.88]","[3.04, 3.68, 3.92, 6.04, 8.24, 9.5, 11.96, 11.58, 11.62, 9.08, 4.56, 1.88]"
54161,125.2317,43.8914,236.8,433.01,88.14961243,91.19194031,107.521759,"[-14.11, -9.56, -0.39, 9.15, 16.56, 21.45, 23.81, 22.42, 17.01, 8.26, -2.54, -11.98]","[65.74, 58.18, 50.31, 43.42, 49.35, 63.05, 75.41, 75.97, 65.17, 57.72, 62.68, 65.25]","[5.18, 5.95, 13.13, 26.03, 56.37, 100.0, 159.24, 144.41, 48.16, 26.79, 22.13, 8.88]","[5.73, 4.8, 5.69, 7.0, 10.56, 13.96, 13.22, 12.17, 7.42, 6.28, 6.8, 6.36]"
54623,117.7878,39.1586,2.7,2.17,3.983181238,4.756029606,18.50558662,"[-2.43, 0.31, 7.47, 14.44, 20.84, 24.91, 27.32, 26.65, 22.52, 15.11, 6.64, -0.6]","[54.2, 54.52, 49.05, 49.73, 53.59, 63.7, 73.12, 72.21, 65.15, 59.7, 57.09, 52.45]","[3.52, 7.12, 7.85, 23.93, 37.34, 69.96, 162.04, 146.25, 62.18, 34.12, 15.61, 3.68]","[1.85, 2.64, 2.92, 4.58, 6.36, 8.15, 10.67, 9.62, 6.04, 5.21, 3.04, 1.96]"
56173,102.5497,32.7931,3496.8,1376.16,1481.144287,1563.948364,1547.877441,"[-8.31, -5.26, -1.04, 2.96, 6.46, 9.83, 11.8, 11.15, 8.37, 3.36, -2.67, -7.27]","[55.51, 57.7, 63.79, 67.06, 70.86, 75.12, 76.49, 77.67, 79.31, 76.08, 65.82, 57.88]","[6.54, 12.56, 28.24, 50.12, 107.5, 128.68, 122.94, 106.49, 116.1, 69.13, 12.6, 3.14]","[5.92, 7.5, 12.5, 16.15, 20.8, 21.31, 17.92, 16.96, 20.38, 17.58, 7.2, 4.12]"
56312,94.3606,29.6475,2988.4,790.84,1589.338501,1795.607666,1839.597656,"[1.52, 3.57, 6.67, 9.53, 12.69, 15.78, 16.81, 16.55, 14.61, 10.79, 6.08, 2.5]","[48.52, 50.81, 55.52, 61.36, 62.78, 69.77, 73.43, 72.62, 73.53, 64.41, 53.93, 50.69]","[1.79, 5.48, 20.9, 52.76, 70.91, 121.86, 129.96, 113.71, 111.67, 41.01, 3.54, 0.91]","[3.04, 5.46, 10.5, 17.32, 19.12, 22.96, 22.62, 19.96, 19.62, 12.52, 2.92, 1.42]"
56492,104.6053,28.7689,502.8,873.43,173.7108459,253.8794403,394.3124695,"[7.99, 10.4, 15.08, 19.53, 22.79, 24.88, 27.62, 27.39, 23.53, 18.59, 14.32, 9.23]","[82.71, 78.29, 73.33, 72.07, 71.59, 78.01, 76.66, 75.99, 80.56, 84.28, 82.89, 83.22]","[23.57, 23.38, 35.92, 71.17, 96.06, 157.66, 168.89, 168.51, 123.13, 69.42, 30.21, 21.19]","[12.0, 9.69, 12.08, 13.77, 13.48, 16.5, 12.61, 12.79, 15.0, 17.6, 11.6, 11.24]"
56651,100.2175,26.8469,2380.9,965.51,1082.008667,1191.886353,1235.919922,"[6.94, 8.93, 11.79, 14.68, 17.21, 19.24, 18.61, 18.06, 16.63, 13.88, 9.75, 7.3]","[45.18, 41.76, 43.55, 47.43, 57.53, 69.58, 79.35, 80.63, 81.44, 72.33, 59.31, 50.98]","[4.37, 4.76, 8.33, 17.39, 73.58, 157.97, 236.71, 213.39, 143.15, 53.02, 9.92, 2.1]","[2.12, 2.68, 4.08, 6.52, 12.08, 18.15, 23.38, 22.04, 19.58, 11.25, 2.6, 1.04]"
56691,104.2803,26.8628,2238.6,701.53,930.6195679,903.5143433,863.3067627,"[2.8, 5.39, 9.0, 12.52, 15.07, 16.8, 18.41, 17.98, 15.7, 11.76, 8.22, 3.44]","[77.91, 70.68, 69.13, 68.88, 73.43, 80.61, 79.56, 79.96, 81.24, 84.49, 79.13, 82.88]","[10.13, 7.78, 18.34, 39.86, 87.49, 183.56, 156.84, 137.48, 100.86, 71.54, 12.78, 8.92]","[12.0, 8.48, 10.12, 12.88, 15.88, 19.85, 17.57, 16.71, 14.83, 17.0, 8.88, 11.04]"
56778,102.6531,25.0078,1888.1,627.88,822.3778687,855.6080933,844.6459351,"[9.56, 11.89, 15.13, 18.01, 19.8, 20.82, 20.8, 20.52, 19.1, 16.38, 12.71, 9.8]","[65.25, 56.57, 52.76, 54.53, 62.94, 73.95, 77.65, 77.8, 76.9, 78.03, 72.81, 71.33]","[18.46, 9.04, 16.88, 27.07, 82.54, 174.01, 188.25, 204.23, 127.19, 74.42, 25.16, 13.28]","[4.19, 3.15, 4.54, 7.23, 11.19, 16.15, 18.38, 19.25, 13.29, 12.21, 4.72, 3.8]"
57083,113.6628,34.7064,110.4,608.85,57.22950745,119.9051437,189.6985626,"[1.36, 4.48, 11.35, 17.24, 23.06, 27.52, 28.13, 26.84, 22.24, 16.45, 9.57, 3.25]","[54.98, 56.42, 50.13, 52.92, 52.4, 54.89, 72.17, 73.34, 70.44, 64.72, 60.61, 53.04]","[12.87, 15.12, 16.03, 34.15, 50.28, 63.46, 194.76, 153.55, 88.56, 40.44, 27.19, 9.48]","[4.16, 4.36, 4.69, 5.52, 5.68, 7.27, 11.83, 10.21, 9.29, 6.54, 5.6, 3.16]"
57461,111.3592,30.7367,256.5,880.78,66.24924469,312.8327332,465.557251,"[5.14, 7.21, 12.58, 17.78, 22.04, 25.52, 27.99, 27.49, 23.7, 18.2, 12.67, 6.93]","[72.21, 73.46, 70.96, 72.42, 73.67, 77.51, 79.65, 77.01, 74.73, 74.83, 76.2, 70.76]","[28.43, 34.5, 56.75, 101.96, 119.14, 164.47, 185.3, 166.32, 111.19, 75.61, 44.38, 17.98]","[7.81, 9.12, 10.27, 12.0, 13.4, 12.88, 14.29, 11.67, 10.46, 11.08, 9.36, 7.04]"
57516,106.4042,29.6047,542.1,883.37,164.266861,178.2473145,252.2166748,"[8.41, 10.73, 15.2, 19.6, 22.94, 25.63, 29.49, 29.46, 25.03, 19.29, 14.66, 9.65]","[80.47, 75.47, 72.69, 73.2, 74.35, 78.11, 69.78, 67.25, 75.02, 82.39, 82.41, 82.01]","[22.07, 19.32, 62.55, 102.69, 138.01, 203.87, 162.51, 121.93, 136.37, 92.26, 47.67, 23.86]","[9.65, 8.0, 11.46, 13.6, 15.76, 15.38, 10.26, 11.25, 12.0, 15.58, 10.84, 10.17]"
58150,120.3008,33.7481,3,17.12,5.025444508,5.402107716,5.057005405,"[1.86, 3.63, 8.32, 13.91, 19.39, 23.7, 27.28, 27.07, 22.94, 17.23, 10.81, 3.94]","[72.91, 74.57, 72.68, 73.02, 75.2, 79.84, 84.78, 84.7, 81.61, 76.77, 75.47, 71.5]","[24.95, 33.8, 41.46, 42.48, 67.01, 124.01, 221.63, 170.32, 119.35, 53.58, 51.84, 29.74]","[5.46, 6.76, 6.88, 7.54, 8.64, 9.31, 13.87, 11.79, 9.21, 6.92, 6.88, 5.32]"
58424,116.9672,30.6231,60.1,342.03,99.14422607,93.83599854,232.6641846,"[4.58, 6.77, 12.1, 17.78, 22.65, 25.95, 29.4, 28.6, 24.67, 18.84, 12.78, 6.33]","[72.93, 75.59, 71.96, 71.3, 72.89, 79.01, 76.8, 78.17, 76.35, 73.08, 74.16, 70.09]","[63.48, 80.67, 115.22, 143.67, 176.33, 243.27, 229.05, 141.0, 64.07, 57.36, 67.36, 38.88]","[10.19, 11.56, 12.35, 12.48, 12.0, 13.54, 11.43, 11.21, 6.96, 8.44, 9.52, 7.92]"
58633,118.8908,28.9939,83.6,193.78,37.95692444,273.7870178,300.5296631,"[6.21, 8.13, 12.62, 17.95, 22.59, 25.44, 29.69, 28.94, 25.45, 19.89, 14.08, 7.78]","[76.42, 78.03, 75.35, 74.73, 74.89, 80.52, 71.83, 73.99, 74.1, 72.39, 77.48, 75.27]","[79.5, 121.38, 174.86, 194.43, 222.59, 361.98, 118.67, 146.29, 77.1, 57.51, 94.65, 68.29]","[12.96, 13.96, 16.73, 15.96, 15.5, 17.35, 10.79, 12.25, 9.04, 8.58, 11.76, 10.6]"
58847,119.2319,26.0969,110.9,0.75,119.9234161,281.6454468,325.9378357,"[11.64, 12.38, 15.1, 19.44, 23.3, 26.84, 29.8, 29.17, 27.22, 22.98, 18.73, 13.64]","[71.3, 75.29, 73.37, 73.4, 76.4, 79.28, 71.33, 73.97, 70.69, 67.0, 70.34, 68.69]","[50.74, 71.29, 115.36, 138.74, 199.61, 236.96, 177.77, 212.93, 137.11, 48.87, 59.47, 45.41]","[9.23, 12.68, 14.62, 14.96, 17.04, 16.42, 9.79, 13.88, 10.46, 7.0, 8.56, 8.6]"
59211,106.6064,23.9028,176,294.97,106.8244553,325.7433472,380.9283752,"[13.71, 16.02, 19.86, 24.27, 26.93, 28.17, 28.83, 28.27, 26.77, 23.32, 19.26, 14.55]","[75.04, 73.65, 72.05, 69.41, 71.93, 78.27, 77.52, 79.05, 77.52, 77.55, 77.83, 74.86]","[26.0, 18.78, 32.29, 49.76, 173.04, 221.91, 173.9, 160.47, 108.51, 75.7, 36.5, 23.2]","[7.35, 7.12, 7.62, 8.73, 12.56, 15.5, 14.17, 13.92, 9.42, 8.12, 6.72, 5.84]"
59280,113.0847,23.7103,80.4,77.68,121.8783417,151.7989044,205.9104919,"[13.42, 15.16, 18.13, 22.14, 25.73, 27.8, 29.11, 28.85, 27.71, 24.42, 19.92, 14.77]","[67.61, 74.34, 78.23, 79.92, 81.68, 83.5, 79.04, 79.36, 75.26, 67.38, 67.77, 63.12]","[52.26, 55.2, 136.64, 231.12, 341.17, 407.5, 231.4, 246.2, 155.11, 67.38, 61.77, 36.07]","[8.46, 10.52, 16.65, 16.52, 20.08, 20.46, 17.26, 16.58, 11.38, 5.62, 7.28, 5.84]"
59316,116.68,23.3847,3.5,3.02,25.69137955,88.26678467,186.2930908,"[15.09, 15.82, 18.2, 22.04, 25.64, 28.15, 29.47, 29.22, 28.4, 25.4, 21.52, 16.9]","[71.36, 75.71, 74.99, 76.42, 78.46, 81.24, 77.92, 78.35, 73.77, 68.41, 71.21, 68.86]","[36.84, 43.09, 66.45, 147.33, 195.01, 285.13, 225.61, 246.92, 135.32, 48.22, 49.41, 38.96]","[5.88, 7.48, 9.96, 11.08, 14.28, 17.0, 13.62, 13.67, 8.5, 4.5, 5.36, 5.72]"
